<?xml version="1.0" encoding="UTF-8" standalone="no"?>
<?xml-stylesheet type="text/xsl" href="configuration.xsl"?>
<configuration>

<property>
  <name>javax.jdo.option.ConnectionURL</name>
  <value>jdbc:mysql://Namenode/metastore?createDatabaseIfNotExist=true</value>
</property>


<property>
  <name>javax.jdo.option.ConnectionDriverName</name>
  <value>com.mysql.cj.jdbc.Driver</value>
</property>

<property>
  <name>javax.jdo.option.ConnectionUserName</name>
  <value>root</value>
</property>

<property>
  <name>javax.jdo.option.ConnectionPassword</name>
  <value>root</value>
</property>
<property>
<name>hive.metastore.schema.verification</name>
<value>false</value>
</property>

<property>
<name>hive.metastore.uris</name>
<value>thrift://Namenode:9083</value>
</property>

</configuration>
